RNG Hexa,RNG Index,Frame 1,Frame 2,Frame 3,Frame 4,Frame 5,Frame 6,Frame 7,Frame 8,Frame 9,Frame 10,Extra Frame 1
00000001,000,M2 C6 F9 T1 G7,F6 M9 T8 G2,F3 T5 M9 C4,C3 F6 M9 T1 G7,XX,XX,M4 G5 C9 T2,XX,F5 M8 T7 G2,F8 M6 C3 G4 T7,
00010dce,001,,,,,,,,,,,
1c5983f7,002,,,,,,,,,,,
c35937cc,003,,,,,,,,,,,
2e130a5d,004,,,,,,,,,,,
e723057a,005,,,,,,,,,,,
e3cc94b3,006,,,,,,,,,,,
63132a58,007,,,,,,,,,,,
79d76079,008,,,,,,,,,,,
e1d765e6,009,,,,,,,,,,,
2f8f472f,010,,,,,,,,,,,
a38863a4,011,,,,,,,,,,,
44eb1e55,012,,,,,,,,,,,
3f269b12,013,,,,,,,,,,,
22dc176b,014,,,,,,,,,,,
2eda2fb0,015,,,,,,,,,,,
c8d41ff1,016,,,,,,,,,,,
b76dd0fe,017,,,,,,,,,,,
478b4167,018,,,,,,,,,,,
9e3c9a7c,019,,,,,,,,,,,
64dc014d,020,,,,,,,,,,,
f18af3aa,021,,,,,,,,,,,
6e4ec123,022,,,,,,,,,,,
16027008,023,,,,,,,,,,,
2fac1e69,024,,,,,,,,,,,
08c8af16,025,,,,,,,,,,,
e8ae529f,026,,,,,,,,,,,
80693c54,027,,,,,,,,,,,
68a99345,028,,,,,,,,,,,
ff8a6f42,029,,,,,,,,,,,
18c371db,030,,,,,,,,,,,
33254b60,031,,,,,,,,,,,
25113be1,032,,,,,,,,,,,
cab8602e,033,,,,,,,,,,,
12b55ad7,034,,,,,,,,,,,
8bada92c,035,,,,,,,,,,,
54d3b43d,036,,,,,,,,,,,
61eb6dda,037,,,,,,,,,,,
cbf50993,038,,,,,,,,,,,
ce4821b8,039,,,,,,,,,,,
fb315859,040,,,,,,,,,,,
00594446,041,,,,,,,,,,,
14393a0f,042,,,,,,,,,,,
53d54104,043,,,,,,,,,,,
37164435,044,,,,,,,,,,,
82804f72,045,,,,,,,,,,,
543a684b,046,,,,,,,,,,,
d25c5310,047,,,,,,,,,,,
773653d1,048,,,,,,,,,,,
8c93bb5e,049,,,,,,,,,,,
ce2ed047,050,,,,,,,,,,,
4c5763dc,051,,,,,,,,,,,
f5e9232d,052,,,,,,,,,,,
e5a7740a,053,,,,,,,,,,,
dc066e03,054,,,,,,,,,,,
f2bf3f68,055,,,,,,,,,,,
58c60e49,056,,,,,,,,,,,
339c2576,057,,,,,,,,,,,
6766fd7f,058,,,,,,,,,,,
05d771b4,059,,,,,,,,,,,
10003125,060,,,,,,,,,,,
03cb3ba2,061,,,,,,,,,,,
9767fabb,062,,,,,,,,,,,
80ba46c0,063,,,,,,,,,,,
d18267c1,064,,,,,,,,,,,
cc72e28e,065,,,,,,,,,,,
700ea1b7,066,,,,,,,,,,,
1ba4ca8c,067,,,,,,,,,,,
4bcb4e1d,068,,,,,,,,,,,
52e2063a,069,,,,,,,,,,,
df89ee73,070,,,,,,,,,,,
f102c918,071,,,,,,,,,,,
ec894039,072,,,,,,,,,,,
a26452a6,073,,,,,,,,,,,
752e9cef,074,,,,,,,,,,,
d13ace64,075,,,,,,,,,,,
56f65a15,076,,,,,,,,,,,
7fee33d2,077,,,,,,,,,,,
be33292b,078,,,,,,,,,,,
113a2670,079,,,,,,,,,,,
e5f477b1,080,,,,,,,,,,,
0688d5be,081,,,,,,,,,,,
042bcf27,082,,,,,,,,,,,
5fc0dd3c,083,,,,,,,,,,,
55e9350d,084,,,,,,,,,,,
d87e246a,085,,,,,,,,,,,
e9468ae3,086,,,,,,,,,,,
ed6dbec8,087,,,,,,,,,,,
7259ee29,088,,,,,,,,,,,
1144cbd6,089,,,,,,,,,,,
1e47185f,090,,,,,,,,,,,
f38a5714,091,,,,,,,,,,,
6347bf05,092,,,,,,,,,,,
e42c3802,093,,,,,,,,,,,
2e42f39b,094,,,,,,,,,,,
6596f220,095,,,,,,,,,,,
f64b83a1,096,,,,,,,,,,,
93c894ee,097,,,,,,,,,,,
1c1d5897,098,,,,,,,,,,,
59969bec,099,,,,,,,,,,,
ff71d7fd,100,,,,,,,,,,,
2e1ece9a,101,,,,,,,,,,,
4dc34353,102,,,,,,,,,,,
731b2078,103,,,,,,,,,,,
add71819,104,,,,,,,,,,,
39909106,105,,,,,,,,,,,
01276fcf,106,,,,,,,,,,,
5d110bc4,107,,,,,,,,,,,
70035ff5,108,,,,,,,,,,,
3e884832,109,,,,,,,,,,,
46fe5a0b,110,XX,XX,XX,XX,XX,XX,XX,XX,XX,XX,XX
1e4ba9d0,111,XX,XX,XX,XX,XX,XX,XX,XX,XX,XX,XX
c4068b91,112,XX,XX,XX,XX,XX,XX,XX,XX,XX,XX,XX
d9e5201e,113,XX,XX,XX,XX,XX,XX,XX,XX,XX,XX,XX
3f3a3e07,114,XX,XX,XX,XX,XX,XX,XX,XX,XX,XX,XX
d4d1069c,115,XX,XX,XX,XX,XX,XX,XX,XX,XX,XX,XX
0f5436ed,116,XX,XX,XX,XX,XX,XX,XX,XX,XX,XX,XX
c42704ca,117,XX,XX,XX,XX,XX,XX,XX,XX,XX,XX,XX
134717c3,118,XX,XX,XX,XX,XX,XX,XX,XX,XX,XX,XX
23e5ee28,119,XX,XX,XX,XX,XX,XX,XX,XX,XX,XX,XX
5a5fbe09,120,F2 T6 C3 I8 B4,C2 F6 I9 T4,F1 B4 T7 I6,F3 T1 B6 C9 I7,B3 F6 T4 C1 I8,B1 F4 T7 I8 C6,C3 B6 T1 F9 I7,F3 T1 B6 C9 I7,B1 F4 T7 C9 I3,F1 B2 T7 C3 I6,XX
f95aa236,121,B1 F4 I6 C7,F1 T4 I8 C9,F1 B4 T7 C6 I8,F2 I6 C1 T7,F1 B4 T7 I3,C2 T4 I7 B6,B3 F6 C9 I4 T8,F3 T2 C1 I8,F2 T6 C3 I9 B8,F1 B4 T7 I8 C9,XX
ea06a33f,122,F1 B2 I7 C6,F1 B2 T7 C3 I6,C1 F2 I8 B6,F2 I6 C5 T7,B3 T2 C1 I9 F7,I8 C9 T6 B2,F1 B2 I7 C8,F3 T5 I9 C4,F2 B6 I8 C9,B3 F9 T7 I2,XX
60d9ec74,123,F2 B6 C9 I8,B2 F4 I6 T1,F2 B6 C9 T7,F1 B2 T7 I8,C3 F6 I9 B8,F1 B2 C3 T7 I8,F1 B2 T7 C3 I9,F1 B2 T7 C3 I8,F1 B2 T7 C3 I8,B1 F4 T7 I8 C9,XX
8bf83ce5,124,F1 B2 T7 C3 I9,C2 B6 I9 T1 F8,F3 B6 I9 T4 C7,T6 B2 C3 I7,F3 B6 C9 I7,F2 T6 C3 I8,B2 F5 C9 T7,C1 F2 I7 B3,F2 B6 T4 C9 I8,F2 T6 C3 I7,XX
edc56462,125,F2 T6 B4 C3 I7,F2 I6 T4 C8,F3 B6 C9 I7 T8,F1 B4 T7 C3 I9,F1 B2 T7 C3 I6,XX,XX,XX,XX,XX,XX
d18c5c7b,126,B1 F2 C3 T7 I9,F1 B2 T7 C3 I9,F1 B2 I5 T7,B1 C2 T7 F3 I9,T2 B5 I7 C9,F2 B6 C9 I8,B1 F4 T7 I8 C9,B1 C2 T7 F3 I8,F2 B6 C9 T7,F2 B6 I8 C9,XX
4a934d80,127,C1 F2 I8 B3,B1 F2 C3 T7 I9,F2 T6 C3 I8 B4,F1 B4 T7 C9 I6,C1 B4 T7 I8,F1 B2 T7 C3 I9,F1 B4 T7 I8 C9,B3 T2 C1 I9 F8,F1 B2 I7 C8,F2 B4 T7 I8,XX
80648f81,128,F1 B2 T7 C3 I9,F4 B2 C5 I8,F1 B2 T7 C3 I8,F3 I8 T4 B5,F1 B2 T7 I9 C6,F1 B2 T7 C3 I9,C4 B3 T1 F6 I8,F6 T2 C1 I8 B7,F1 B2 T7 C3 I6,F1 B4 T7 I3 C9,XX
7b51774e,129,F4 B3 T1 C6 I5,F6 T4 I8 C1,C3 T1 B6 F9 I7,F1 B2 T7 C3 I8,F1 B2 T7 C3 I6,B1 F4 T7 C8 I3,F2 B6 T4 C1 I8,F3 B6 T1 I8,C2 I6 T1 B8,F1 B2 I8 C6,XX
5a997f77,130,F2 I6 T4 B7,F3 I9 B8 T5,F1 B4 T7 I3,F1 B4 T7 I8,F1 B4 T7 I6,F1 B2 T7 C3,C1 F2 I8 B6,F1 B4 T7 I6,B4 I6 C8 T7,F2 B6 C9 I8,XX
d7db1d4c,131,B1 F4 T7 I3,B1 F4 T7 I8,F1 B4 T7 C8,F1 T5 C3 B7,B1 C2 T7 F3 I6,F1 T4 B9 I6,C3 I6 T1 F5,B1 T4 I8 C6,F2 T4 C1 B3 I9,F1 T4 I8 C5,XX
183f51dd,132,F3 B6 C9 I7 T1,F4 B3 T1 C5 I9,B1 T7 C2 I8,F1 B4 T7 I8 C6,F1 B4 T7 I9 C3,F1 B2 T7 C3 I9,B1 F4 T7 I6,F2 B4 T7 I3 C8,C1 F2 I7 T8,I8 B6 F5 T1,XX
f3b9c6fa,133,F1 B4 T7 I3,F1 B4 T7 I8,B1 F2 T7 C6 I3,F1 B2 T7 C3 I8,F1 B2 T7 C3 I8,F1 B4 T7 C3 I8,F1 B4 T7 I6,F2 T6 C3 I7,F1 B2 C3 T7 I9,C2 B4 F3 T7 I8,XX
61d90833,134,F1 B4 T7 C3 I9,C1 F2 I5 T7,B4 C2 I8 T1,F1 B4 T7 C3 I9,B1 F4 T7 C3 I9,F2 B6 T1 C8 I7,F4 I9 B6 C3,B1 C2 F3 T7 I9,F1 B4 T7 C3 I9,B1 F4 T7 I9 C3,XX
686927d8,135,F1 B2 I6 C5,F2 B6 C9 T1,C1 F2 I8 B3,F2 I6 T4 C1,C1 F2 I6 B3,F1 B2 I8 C9,F3 T1 C6 I9 B8,B4 F3 T1 C6 I9,C1 B4 T7 I6,C1 B4 T7 I8 F9,XX
1b12dff9,136,C1 F2 I7 B6,B2 T6 I8 C3,B2 T4 I8 C1,F3 B6 C9 I8,F1 T4 I8 C9,F1 B4 T7 C9 I8,C1 F4 T7 I6,F2 B4 T7 I8,F1 B2 I8 C9,F4 B3 T1 I8 C5,XX
8375ff66,137,F3 B6 I8 C4,F1 B2 C3 T7 I8,F1 B4 T7 I8 C6,F1 B2 I8 C3,F1 B4 T7 I8 C6,F1 B2 I6 C8,B1 C2 I7 F3,B1 F4 T7 I3 C6,T1 I8 C7 B5,F1 B4 T7 I8,XX
42dbb2af,138,F2 T6 C3 I8 B7,F1 I5 T7 B6,B1 F2 T7 C3 I8,F1 B2 T7 C3 I8,F3 I9 T2 B8 C4,C1 B4 T7 I8 F9,F2 T6 C3 I8 B4,F1 B2 T7 C3 I6,C1 F2 T7 I8 B3,F2 T6 C3 I8 B7,XX
64aff924,139,F2 I6 C5 T7,F1 B4 T7 I6,F2 I8 B6 T7,F1 B4 T7 C3,F6 T2 C1 I7,F1 B4 T7 I8 C6,B1 F4 T7 I8 C9,F1 B4 I6 C8,T6 F2 C3 I8 B7,F1 B4 T7 I8 C6,XX
89b555d5,140,F1 B4 T7 C3 I9,F1 B2 T7 C3 I9,F1 B2 T7 I9 C6,F1 B2 T7 I9 C6,F2 B6 I8 C9 T4,C1 B4 T7 I8,C1 T5 F2 I8,F1 B2 T7 I8 C6,T1 I8 B6 F5,F4 T1 B5 C9 I3,XX
d1668c92,141,F1 B2 T7 I9 C6,F1 B2 T7 C9 I3,F2 T6 B4 C3 I7,F1 B2 T7 C3 I8,B1 F4 T7 I9 C3,F2 B6 I9 C1,F1 B4 T7 I6,C1 B4 T7 I8,F1 B2 C3 I8,C1 F2 T7 B8,XX
70d3faeb,142,F2 T6 C3 I8 B7,B1 T4 I8 C5,F1 B4 T7 I8,F1 B4 T7 C3 I9,F1 B4 T7 C6,F1 B4 T7 C3,F1 B2 T7 C3 I9,B5 F8 C4 I2,F3 I6 T7 B4,F3 T2 I8 B4,XX
1868dd30,143,F2 B6 T5 I7,C1 B4 T7 I6,F2 B4 T7 I8,F3 B5 I9 C8,B1 F2 C3 T7 I8,F2 B4 T7 C6 I8,F1 B2 T7 C3 I9,F3 I6 T1 B8,F2 B6 T4 C1 I8,F1 B2 C3 T8 I7,XX
bc648f71,144,F1 B2 C6 I3,F1 B4 T7 I6,F2 T6 C3 I8,F1 T4 B5 I9,F4 C6 I9 T2 B8,B1 F4 T7 C9 I3,F1 T7 I9 C6 B3,F2 B6 T4 C1 I9,C1 B4 T7 F3 I9,F1 B2 T7 C3 I8,XX
87409a7e,145,F1 T4 I9 C5,F1 B2 T7 C3 I9,F1 B2 T7 C3 I8,F1 B4 T7 C8,B1 F4 C3 T7 I8,F2 I6 T4 C7,B1 F4 T7 I3,F1 B4 T7 I6,B1 F2 C3 T7 I8,F3 T2 C1 I8,XX
31121ce7,146,F3 B6 C9 T4,F2 B4 T7 I8 C9,C1 B4 T7 I9 F6,F1 B2 T7 I9 C3,B3 T2 C1 I7 F8,C1 B4 T7 F3 I9,B1 F4 T7 I9,F2 T6 C3 I7,F1 B2 T7 C3 I9,F1 B2 T7 C3,XX
53dfdffc,147,I8 B9 F6 T2,F1 B2 C6 T5,F1 B4 T7 I6,F2 B4 T7 C9,F3 T5 I2 C8,,F2 T4 C1 B3,F2 B4 I6 C3,F1 B4 T7 C8 I3,T6 F2 C3 B1 I8,XX
68a228cd,148,F1 B4 T7 C3 I9,F1 B4 T7 I9 C3,F1 B2 I6 C3,F4 B3 T1 C5 I8,F1 B4 T7 I9 C3,F3 T5 I7 C2,C5 T1 B7 F9,F1 B2 C3 T7 I9,C1 F2 B3 T7 I9,F1 B2 C3 T7 I9,XX
2eba152a,149,F1 B4 T7 I9,F1 T4 I5 C6,F2 B6 T4 C7 I9,F3 B6 I8 C7,F1 B4 T7 C3,B2 F6 C9 T7 I1,F2 T4 C1 B3 I9,T5 B1 C2 F7 I9,F2 B4 T7 C8 I6,F1 B4 T7 C8 I3,XX
f34014a3,150,B1 F4 T7 C8 I3,B3 I8 C9 T4,F2 I6 B7 C5,B2 F6 T4 C1 I8,B3 F6 I9 T1 C7,B4 C3 T1 I8 F5,F1 B4 C3 T7 I8,F1 B2 T7 C3 I9,B1 F2 I7 T9 C3,F1 B4 T7 C8 I3,XX
1fffcd88,151,F1 B2 T7 C3 I6,B1 F2 C3 T7 I9,F1 B4 T7 I3,B3 F6 T4 C9 I8,F1 B2 T7 C3 I9,F1 B4 C3 I8 T7,T4 F2 I7 C8,F1 B4 T7 I3 C8,F1 B4 T7 I8 C9,F1 B2 I5 C6,XX
6acf7de9,152,F1 B4 T7 I3,F3 T2 C1 I8,B2 T4 C1 F3 I9,T5 B1 C4 I9,F1 B2 I5 C6,F2 C3 I8 B7,F1 B4 T7 I6,C5 F6 T7 I2,B2 T6 C3 I7,F3 B6 I8 T1,XX
8f75a896,153,B1 T4 I8 C5,F2 I6 T4 C8,F1 T4 B9 I6,B3 F6 I9 T4,B1 F2 C6 I8,F1 B4 T7 C3 I9,F3 B6 T1 C8,F2 T4 B1 C9,F1 B4 I8 C7,F3 B6 C9 I8,XX
835d9e1f,154,F2 B6 I9 T1,F2 B5 C9 I6,F1 B4 T7 C6,F2 C3 B9 I4,F2 I6 T4 B7,T5 B1 I7 C4,B1 F4 T7 I8,F1 T4 I8 C5,B1 F4 T7 C8,F1 B4 T7 I8,XX
911e31d4,155,F1 B4 T7 I6,F1 B4 T7 I8,F1 B4 T7 I6,F3 T1 B7 I5,F3 B6 C9 I7,F1 B4 T7 I3,F1 B4 C6 I8,C3 I6 B4 F8,F1 B4 I6 T7,F1 B4 T7 I6,XX
ef89aac5,156,F2 B6 T4 I8,F1 B2 C3 T7 I9,F1 B4 T7 I6,F1 B2 I8 C6,F1 B2 T7 C3 I8,F1 B2 I8 C6,C1 F2 I6 B3,B2 T6 C3 I7,B3 F6 C9 I7 T1,,XX
79aec0c2,157,C1 B4 F3 T7 I8,F1 B4 T7 C3 I9,T6 B2 C3 F1 I8,F1 B4 T7 C3 I8,F1 B4 T7 C3 I9,B1 F4 T7 I8 C6,B1 F2 T7 C3 I9,F2 B6 C9 I8,B1 F2 T7 C9 I3,T6 B2 C3 I8,XX
117c355b,158,F1 B2 T7 C3 I9,T1 I8 C7 B2,B2 I8 F9 T1,F1 B2 T7 C3 I6,B2 I6 T8 F4,F1 B4 T7 I9 C6,F1 B4 T7 I6,F1 B2 T7 C3 I8,F2 B6 T4 C9 I8,F1 T4 I8 B6,XX
848758e0,159,F2 T6 C5 I8,F2 T4 C1 I8 B9,F2 T6 I8 C3 B7,F1 B2 T7 C3 I9,F3 B6 T4 I8 C1,F1 B2 T7 C9 I3,F2 B6 C9 T1 I4,T7 B9 F6 C2,T5 F1 C2 B7 I6,F2 T6 C3 I9,XX
58c58b61,160,B1 F2 C3 T7 I9,B1 F4 T7 C3 I9,F2 I6 C5 T7,B1 F4 T7 C3 I9,F1 T4 I8 C5,F3 B6 I9 T1 C7,F3 C4 T8 I2,T2 B4 C7 I8,F1 T4 I8 C5,B1 F4 T7 I3,XX
a9a589ae,161,F3 B5 I9 T4 C7,T5 F1 C2 I7 B6,C1 F2 I6 B3,C3 T2 F5 I9 B7,F2 B6 I9 T1,F2 T6 C3 I9,F1 B4 T7 C6,C1 F2 I8 B7,F1 T4 I5 C9,F2 I6 T4 C7,XX
cb3b1657,162,F1 T4 B5 I9,F1 B2 C3 T7 I9,F1 B2 C8 I6,B1 F4 C8 I6,F1 T4 I5 B6,F2 I6 B8 T5,F2 T6 C3 I9,B1 F2 T7 C3 I6,F1 B4 T7 I6,F1 B4 T7 I8,XX
d4ca4eac,163,F2 T6 C3 I8 B4,F2 T6 C3 I7,F2 B6 I9 T7,C1 B4 T7 I3,F2 T6 C3 I9,F1 B4 T7 I8,F1 B4 T7 C9 I3,C1 F2 B3 T7 I9,C2 I6 F5 B8,C2 I6 B8 F5,XX
faabbbbd,164,B5 T7 F6 I2,F1 B4 T7 C3 I9,F1 B4 I8 C5,C1 F2 B3 T7 I9,F1 B4 T7 C8,T6 F2 C3 I8 B4,F1 B2 T7 I8 C6,C1 F2 B3 T7 I8,F2 B6 T5 C4,F3 T2 C1 B9 I7,XX
2fcaef5a,165,F3 C6 T1 I5 B7,C1 F4 T7 B9,C1 B4 T7 F9 I3,F5 I7 B6 C3,C1 F2 B3 T7 I8,B1 C2 F3 T7 I8,F2 B6 T4 I9 C8,C5 F6 T1 I8,B1 F4 T7 I3,F1 B4 C6 I8,XX
83033d13,166,F13 T5 C9 I2,F1 B4 T7 C8,F1 B4 T7 C3,F1 B2 C3 T7 I9,F1 B4 C3 T7 I8,F1 B2 T7 C3,F1 B4 T7 C8 I3,T4 C1 I8 F3,C1 F2 B3 T7 I8,C1 F2 B3 T7 I9,XX
50c4df38,167,F1 B4 T7 C3 I9,C1 F4 T7 B3 I9,F1 B2 T7 C3 I9,F3 B6 T4 C1 I8,B1 F4 T7 I8 C9,F1 B4 I8 C6,F1 B4 T7 C3 I8,F2 T4 C1 B3 I9,F1 B2 C3 T7 I8,F1 B4 T7 I8,XX
8c3497d9,168,F2 T6 C3 I8,F1 B4 T7 C3 I8,F2 I6 T4 C8,C1 F2 B3 T7 I9,F3 B9 T7 I2,XX,XX,XX,XX,XX,XX
89ac9dc6,169,F2 B6 C9 T7,F2 B6 C9 I7,B1 C2 F3 T8 I7,F1 B2 C3 T7 I8,T5 B1 C2 I8,F1 B2 C3 T7 I8,F3 T2 I9 B8 C4,F2 B6 T4 C1 I9,C1 B4 T7 I9 F3,F1 B4 T7 I8 C9,XX
a103658f,170,F1 B2 T7 I9 C3,B1 F2 I8 C3,F1 T4 I8 C6,B2 T6 C3 I8 F4,F2 T6 I8 C5 B4,F1 B4 T7 I6,C1 F2 B3 T7 I9,T6 F2 C3 I7 B1,T6 B2 C3 I8,C1 F2 B3 T9 I8,XX
816f9684,171,F2 T4 C1 B6,B1 F4 T7 I8,C1 B4 T7 I8 F9,C1 F2 B3 T7 I8,B1 F2 C3 T7 I8,F1 B4 T7 I8,C1 F2 B3 T7 I8,B1 F2 T7 C3 I6,F1 B4 T7 C3 I8,F1 B4 C3 T7 I8,XX
e7843bb5,172,F1 B4 T7 C3,T2 B5 F9 C3 I4,F2 B3 T1 I9,F2 T6 C3 I8,F1 B2 T7 C3 I6,F3 T2 I8 C1 B7,C1 F2 B3 T7 I9,C1 F2 B3 T7 I8,F3 I9 T2 B8 C4,F1 B4 T7 I8 C9,XX
57a100f2,173,C1 F2 B3 T7 I9,B1 C2 F3 T7 I9,F1 B4 I8 C6,F2 C6 T1 I8,F3 T2 C1 I8,B1 T4 I5 C9,F1 B4 T7 C3,T2 I6 C1 B4,C1 B4 T7 F3 I6,F1 B4 I6 C3,XX
59ec0bcb,174,F3 B6 C9 I7,F1 B2 C6 T5,B3 F9 C5 T7,F2 T6 C3 I7,B6 T5 I7 C4,F3 T1 I8 C5,B2 T6 C3 F7,F2 B6 C9 T7,C4 F2 I8 T1,F2 B3 C9 T7,XX
0a69c090,175,C1 B4 T7 I8,F2 T6 C3 I7,F2 B6 I9 T1 C7,B1 F2 T7 C3 I9,B2 T4 I7 F6,F2 B5 I9 C6,F1 B2 C3 T7 I8,F1 B2 I8 C9,F4 B3 T1 C5 I9,F1 B4 C3 T7 I8,XX
76068351,176,F1 B2 I7 C8,F3 T1 I8 C9,F3 T2 C1 I8,F1 B2 T7 C3 I6,F3 T2 C1 I8,F1 B4 T7 I8,C1 B4 T7 F8,F3 T2 C1 I8,F1 B4 T7 I6,B1 F2 C3 I8,XX
5b3344de,177,C1 F2 B3 T7 I9,F5 T7 B6 I2,F1 B2 I8 C6,B2 T6 C3 I8,F3 T2 I8 C4,F1 B2 I7 C3,XX,XX,XX,XX,XX
e76b6bc7,178,T5 B1 I7 C4 F3,F2 B6 I9 C1,F3 T2 C1 B7 I9,F1 B2 C3 T7 I9,B1 F4 T7 C3 I9,T5 B1 C2 I7 F9,F2 B4 T1 C7 I9,C1 F2 I6 B3,F5 T7 B6 I2,B1 F4 T7 I9 C6,XX
3145695c,179,F1 B2 T7 C3 I9,F2 I6 T4 C1,B2 I6 T5 F8,F1 B4 T7 I8,F2 B4 I8 C6,B3 T2 C1 I7,F2 T1 I7 C3,B1 F4 I6 T8,F1 B2 C3 I6,B1 C2 F3 T7 I8,XX
644b0aad,180,F2 B4 I6 T1,B1 F4 T7 C3 I9,B3 F6 T4 C1 I8,C1 B4 T7 F6,F1 B4 T7 I6,F1 T4 I8 C6,F1 B4 T7 I3,B1 F2 C3 I8,F3 B6 C9 I8,F1 B2 C3 T7 I8,XX
2a4f558a,181,F3 T1 I8 C5,F2 I6 T4 C8,F1 B2 I8 C6,F1 B4 T7 I6,C1 F2 T7 B3 I9,F1 B2 C3 T7 I9,F1 B2 C3 T7 I8,F1 B2 C3 T7 I8,F1 B2 C3 T7 I8,F1 B4 T7 I8 C9,XX
3e698183,182,F3 T1 I7 C8,F1 B4 T7 I3,F3 B5 I9 T7,F1 B4 T7 C8,F1 B2 T7 C6 I8,F3 T2 C1 I8,C1 F2 B3 I7 T9,F3 T2 C1 I8,F1 B4 T7 I8,F1 B2 C3 T7 I8,XX
d7935ce8,183,F1 B2 C3 T7 I8,B1 F4 T7 I9 C6,F1 B2 C3 I8,C3 B4 I6 F8,C1 F2 B3 T7 I9,C1 B4 T7 I6,F1 T7 C2 I6,F1 B4 T7 C3 I8,F2 B5 I7 C4,F1 B4 T7 I8,XX
79a12dc9,184,F1 B6 C2 I8,B6 T2 C1 F7 I9,F1 B4 T7 I8,F3 T1 B6 I8,B3 F6 C9 I7,B1 F4 T7 C3 I8,F6 T2 B4 I8,B1 F4 T7 I8,B1 F2 T7 I8,F1 T4 I5 B6,XX
c32ddef6,185,C1 F4 T7 B3 I9,F1 B2 T7 I8 C3,B1 F4 T7 C3 I8,F1 B2 C3 T7 I8,B1 F4 T7 C3 I8,F1 B4 T7 I8,F3 T2 C1 I8,F1 B4 T7 C3 I8,B1 F4 T7 C9 I3,F1 B4 T7 I9,XX
7f0408ff,186,C1 B4 T7 I6,F2 T4 I7 B6,C1 B4 T7 F9 I3,F1 C2 I6 T7,F1 B4 T7 I8,F3 T1 B7 I5,B1 F4 T7 I8 C6,F1 B4 T7 I8,F1 T4 B5 I8,T5 B1 C2 I8,XX
f3af2734,187,F3 C6 I9 B8 T1,F3 T2 C4 I8,F1 B2 I6 C7,F3 T1 B6 C9 I7,F1 B4 T7 I6,F1 B2 C3 T7 I8,F1 B4 T7 C3 I9,F1 B2 I7 C3,F1 B4 T7 I3 C9,C1 F2 B3 T7 I9,XX
2f7408a5,188,C1 F2 B3 T7 I9,F1 B4 T7 I9 C6,F1 B4 T7 I6,C1 F2 I8 B6,B1 F4 T7 I8 C9,B1 F2 C3 T7 I9,F3 T2 C1 I8,F1 B2 C3 T7 I9,F2 B6 I8 C9,C1 F2 B3 T7 I8,XX
ed004d22,189,F1 B4 T7 I9 C6,F1 B2 C3 T7 I9,F1 B2 C3 T7 I8,T2 B4 C7 I8,F1 B2 I8 C9,F1 B2 C3 I8,F3 T2 C1 B9,F1 B4 T7 C6 I9,B3 T2 F5 C8 I9,T6 F2 C3 I8 B1,XX
1a4a7e3b,190,B2 F4 I6 T1,F1 B4 T7 I6,F1 B2 I8 C7,F1 B4 T7 C3,F3 B6 C4 I8,F6 T5 I7 C2,F1 B4 T7 I6,T5 B1 I7 C2,F1 B4 C3 T7 I8,B4 F5 I2 C6,XX
544b1440,191,F2 T6 C3 I8,F3 T2 B9 C1,F1 B4 T7 I8,F2 I6 C5 T7,B1 F2 C3 T7 I9,F1 B4 T7 C3 I8,C1 B4 F3 T7 I9,F1 B4 T7 C8,F2 B6 T1 I8,F1 T8 C7 I6,XX
64667741,192,C1 F2 I8 B6,C1 F2 B3 T7 I9,F1 B2 T7 I6,F3 T5 I2 C4,F3 T1 B9 C6,XX,XX,XX,XX,XX,XX
115ccc0e,193,F1 B4 T7 I8,F2 B4 T7 I8,F1 B4 T7 C3 I9,F1 B4 T7 C9 I3,F3 B5 I9 C8,B1 F4 T7 I9 C6,B1 F2 T7 C3 I9,F1 B2 C3 T7 I8,C1 B4 F3 T7 I8,C1 F2 I6 B3,XX
69ba1d37,194,B1 F4 T7 C3 I8,B1 F4 T7 I8 C6,F1 B2 T7 C3 I9,C3 B6 I8 T5 F1,T6 B2 C3 I8 F4,F1 B4 T7 I3 C9,F1 B2 C3 T7 I8,F1 B2 C3 T7 I9,C1 B4 T7 F3,F1 B2 T7 I6,XX
3abc300c,195,C1 B4 T7 F9 I3,F1 B4 T7 I9 C3,F1 B4 T7 C3 I9,B3 F6 I8 C9,F2 I6 T1 B8,C1 B4 T7 I8,F3 T2 C1 I8,F5 B6 T7 I2,F1 B2 T7 C3 I8,F1 B4 T7 I6,XX
c72f159d,196,C1 F2 T7 I9 B6,T6 B2 C3 F1 I8,F2 T6 C3 I8 B4,F3 T2 B4 C7 I8,F1 B4 C3 T7 I8,F1 B2 C3 T7 I8,F3 T2 B4 C9 I8,C1 F2 T7 B3 I8,F1 B2 C3 T7 I8,F1 B2 C3 T7 I8,XX
fa6a47ba,197,F3 T2 C1 I7,F1 B4 C6 T7,B5 T7 I2 C8,F1 B4 T7 C8,B1 T4 I8 C9,F1 B2 T7 C3 I9,C1 F2 I8 B3,B1 C2 F3 T7 I9,F1 B2 T7 I8,F1 T4 I8 C5,XX
3479e1f3,198,F3 T2 C1 B9 I7,F1 B4 T7 C9 I3,F1 B4 T7 C3 I9,B1 F4 C6 I3 T8,F1 T4 B5 I8,T6 F2 B1 C3 I4,F1 B2 I8 C3,F1 B2 I7 C3,B1 F2 C3 T7 I9,B2 T4 I8 C3,XX
18064698,199,F1 B2 C3 T7 I8,B2 F5 I9 C8,B1 F2 C3 T7 I8,B1 F2 I7 T6 C9,F2 T6 C3 I7,F3 T2 C1 B7 I8,F1 B2 I7 C3 T9,F1 B4 T7 I8 C3,F3 B6 I8 T5,F2 T6 C3 B8,XX
d5343fb9,200,B1 F4 T7 C3 I9,F3 B9 T7 I2,B1 I7 F5 T8,F5 B6 I3 T7,F1 B4 T7 C3,F1 B4 T7 I8,B1 F4 T7 I3 C8,F5 T1 I7 C8,C2 B4 T7 F3,F1 B2 I7 C3 T9,XX
a1cc6c26,201,B3 F6 I9 T1 C8,B1 F2 C3 T7 I9,T3 B9 C2 F5 I4,F1 B2 C3 T7 I8,F6 T2 B9 I7 C4,F3 C6 B9 I4 T8,B1 F4 T7 C3 I9,T3 C2 B5 F8 I7,F6 T4 I8 C1,F1 B2 C3 T7 I9,XX
5e56886f,202,B3 C6 F9 T8 I1,C1 B4 T7 I6,C1 B4 T7 F8,C6 T4 B8 I2,F1 T7 B2 C3,C2 I6 F5 B8,F1 B2 C3 I9,T7 B9 I6 C3,B1 F4 T7 I3,F1 B4 T7 C3,XX
78a7e3e4,203,C1 F2 I8 B6,F1 B4 T7 C6,F1 B4 T7 I6,F3 T5 I2 B7,F3 T2 I9 C1 B4,F1 B4 T7 I3,C4 F6 T8 I1,B1 F2 C3 I8,F1 B4 T7 I8,F1 B4 T7 I8,XX
08e81195,204,F1 B2 T7 C3 I8,C1 B4 T7 F8 I3,F1 B4 T7 C6,F1 C2 B9 I6,F1 T4 I7 B8 C6,F1 B2 I7 C6,C1 F2 I8 B3,F1 B2 C3 T7 I8,C1 T7 B8 I5,C1 F4 I7 B8,XX
fc4fa552,205,C1 F2 B3 I7 T8,F1 T2 C6 I8,C1 B4 F3 T7 I8,F1 B4 T7 I9 C6,C1 B4 T7 F3 I9,B1 F4 T7 I9 C6,F1 B4 T7 C6 I3,F1 B2 C3 T7 I8,C1 F2 B3 T7 I9,T2 B8 C6 F4,XX
bc7e8cab,206,F1 B4 T7 C3 I9,C1 B4 T7 F3 I8,B2 F6 I9 T1 C7,F1 B2 T7 C3,B1 T4 I8 C5,F1 B4 T7 C3 I9,F3 B6 I9 C8 T1,C6 T4 F8 I2,F1 B4 T7 C3 I8,C1 F2 B5 I8,XX
eb2653f0,207,C1 F2 B3 T7 I9,B3 T5 F9 C2 I1,F1 B4 C3 T7 I9,F1 B4 C7 T8 I6,C3 B6 F9 I4 T8,F1 B4 T7 I3 C8,F2 T6 C3 I8,F3 T2 C1 B9 I7,B3 F6 T4 C1 I9,F1 B4 I8 C5,XX
93e46731,208,C1 F2 I7 B8,C1 F4 T7 B8,C1 B4 T7 F8,C1 B4 T7 I6,T1 F4 I7 C6,XX,XX,XX,XX,XX,XX
6e551f3e,209,B1 F4 T7 C9 I3,F1 B2 T7 I8 C6,F1 B2 T7 C3 I9,C3 F6 T1 B8 I9,F1 T4 C7 B9 I3,B1 F4 C6 I3 T7,F1 B2 T7 C3 I8,F1 B2 T7 C3 I9,C1 B4 T7 F3 I8,B1 F4 T7 C6 I3,XX
cbfe2aa7,210,F3 T2 B8 I7 C4,F1 B2 T7 C3 I8,F1 C2 I8 B5,F1 B4 I8 C6,F2 B6 T4 C9,F4 I8 T1 C6,F1 B2 C6 I8,T2 I6 C1 B8,F1 B4 I6 C8,F3 B6 T4 C1 I9,XX
6d59a2bc,211,C1 F2 B6 I8,C1 B4 T7 I3,C1 F2 I7 B6,F1 C3 I5 T7,F1 B4 T7 C9 I3,C2 B4 I6 T7,B1 F4 C6 I8,B2 I6 T7 F3,C1 F2 B8 I3,F1 B2 T7 I8 C9,XX
c0c6dc8d,212,F3 I9 T2 B8 C4,F1 B2 C3 T7 I8,C5 F3 I9 B8 T1,C1 F2 B3 T7 I9,F1 B4 T7 I3,F3 B6 T5 C8,F3 T5 C2 I8 B1,F1 B2 I8 C6,F3 T2 I8 C9 B7,F3 T2 I8 C4,XX
54fec5ea,213,C3 I5 T7 B1,F3 C6 I8 T4,T1 I8 B6 F5,B1 F2 T7 C3 I8,F3 T2 C1 I7,C1 B4 T7 F9 I6,C1 B4 T7 I8,F1 B2 I8 C3,C1 B4 I6 F8,F3 T2 C5 I9 B7,XX
c5fb5e63,214,C2 B8 F7 I6,C3 I6 T7 B4,T2 I8 C1 B9,C1 F2 I6 B3,B4 T7 I2 C8,F2 C3 I9 T7,F3 T2 C1 I8,F2 T5 B9 I7,F1 T4 I8 C3,F1 B2 C5 I9,XX
ac789c48,215,B4 T7 F8 I2,T5 B1 C2 F7 I9,B2 I6 T4 C1,F3 T2 B5 C8 I9,F1 B4 T7 C3 I9,C3 T2 F8 B9 I4,F1 B4 T7 I9 C6,F2 T4 I8 B3 C6,C1 B4 T7 F3 I8,B1 F2 I7 C6,XX
d8cccda9,216,F2 B6 C9 I7,B1 F2 C3 I8,B3 T1 F6 I5,C1 B4 T7 F8 I3,F1 B4 T7 C3 I8,F1 B4 T7 C3 I9,C1 F2 B3 T7 I9,F1 B2 T7 C3 I9,C1 F2 T7 B3 I9,F1 B4 T7 C9 I3,XX
d01b4556,217,C1 F2 B3 T7 I9,C2 B4 I8 T7,C1 F2 T7 B3 I9,B1 C2 T7 F3 I6,F1 B2 T7 C3 I8,F1 B4 T7 C8,F1 B2 T7 C3 I8,B1 F4 I6 C3,F1 B2 I6 C3,F1 B4 T7 C3 I8,XX
4db1e3df,218,F2 I6 B5 T8,C1 B4 T7 I9 F6,F1 B2 I8 C6,F1 B2 T7 C3 I9,C1 F2 B3 T7 I8,C2 I6 B7 F5,T2 C5 F3 I9 B7,B2 T4 C1 F3 I9,C3 B6 F9 T1 I4,C1 F2 T7 B3 I9,XX
23e4cc94,219,F1 B2 I8 C3,F1 B2 I5 C9,F1 B4 T7 C8,F1 T4 B5 C6,F1 B4 T7 C9,C1 F2 T7 B3 I9,F1 B4 T7 I9 C3,F3 T1 B6 C8,F3 B6 I9 T4,C1 F2 I8 B6,XX
292f5685,220,F2 B6 I9 T1 C7,B1 F2 I7 C6,B1 F2 T7 C3 I8,F1 B4 T7 I6,F1 B2 C3 T7 I9,F1 B4 T7 C6 I9,F1 B4 T7 C3 I9,F1 T4 I5 C6,F3 T2 C1 I9 B7,F1 B2 T7 I8 C9,XX
b8d20982,221,F1 C2 I8 B6,F1 B2 I7 C3 T9,F1 B4 T7 I6,F1 B4 T7 C8,F2 T6 C3 B8,C1 F2 B3 I8,F2 T1 C9 B3,F1 B4 T7 I6,F1 B4 T7 I8,T6 F2 C3 B1 I8,XX
b42f371b,222,F1 B2 T7 I9 C6,F1 B2 T7 C3 I8,F1 B2 I7 T8,F1 B2 I7 C3 T6,C1 F4 I6 B3,B2 I6 C5 T7,F1 B2 I8 C3,F1 B4 T7 C6,C1 B4 T7 I6,T7 F2 I8 B6,XX
e6b67fa0,223,F3 T5 I9 C2,F1 B4 T7 I8,C2 F6 T1 I7 B9,F2 T6 C3 I7,F1 B4 T7 I8,B4 F2 I8 T1,F3 B6 T1 C9,F3 T5 B9 C2,F3 T2 C1 B7 I8,F1 B2 C3 T7 I8,XX
843f5321,224,F5 B6 T7 I2,F3 T2 C1 I9 B4,F1 B2 T7 C3,F1 B4 T7 C8,F1 T4 I5 C3,F4 I8 T6 C2,F1 B4 T7 C8,C1 T7 I2 B8,B6 T4 F8 I2,B5 T7 F6 I2,XX
710f3e6e,225,F3 B6 C9 I8,F2 T4 I7 B6,F3 B6 C9 I8,B3 T2 F5 I8,F1 B2 T7 I8 C3,F2 T6 C3 I7,F1 T4 B6 I8,F2 I6 T1 B5,F2 T6 C3 I7,B1 T4 I8 C6,XX
8dce9417,226,C1 F2 I8 B3,B1 T4 F9 I8,T6 B2 C3 I7,F1 B4 I8 C5,F1 B4 T7 I6,F1 B4 T7 C8,F1 B4 T7 I8,F1 B4 T7 I6,T6 B2 C3 I7 F4,F3 B6 C9 T7,XX
a008c16c,227,B1 F4 T7 C9 I3,F2 B6 C9 I7 T8,F3 T2 C1 I9 B8,B1 T7 I6 C3,F2 B4 T7 C9 I6,F2 B4 I7 C6,F3 T2 C9 B8 I1,F1 B2 T7 C3 I8,F3 I9 T2 C1 B7,F1 B2 T7 C3,XX
5a415f7d,228,F1 B2 T7 C3 I6,C1 F2 B3 T7 I8,C1 F2 B8 T7 I6,C1 F2 T7 B8,F1 B4 T7 C3,T6 C3 F8 B2,F1 T7 I2 B8,F2 I6 C5 T7,F3 B6 T1 I8 C7,F1 B4 T7 C8 I3,XX
f7afd01a,229,F3 C5 I9 T1 B8,B3 F6 T4 C9 I8,F1 B2 T7 I8 C9,F1 B2 T7 I8 C9,F1 B4 T7 I8,F2 B4 C6 T7,F1 I8 C9 B6,C1 B4 T7 F3,B3 T2 F9 C1 I7,F1 B4 T7 I3,XX
1574f6d3,230,C1 B4 T7 F8,F3 B6 I9 C7,B1 F4 T7 I8,F1 B4 I8 C5,F2 T4 I8 C1,F3 T2 C1 I8,F1 B2 C3 T7 I8,C5 T7 B6 I2,F1 B2 I8 C6,F1 B4 T7 I8,XX
16055df8,231,F1 B2 C3 T7 I8,F2 B6 I9 C1 T4,B4 F6 I8 T1,F1 B2 T7 C3 I9,F1 B4 T7 I8 C6,F2 B3 T1 I9,F1 B4 T7 I3,F1 B4 T7 C3 I8,F4 T7 B8 I1,C1 F2 I7 B3,XX
4609d799,232,F1 B5 T3 I8,F1 B2 I8 C3,F2 B6 T4 C9 I8,B1 F5 I3 C9,F2 T1 B3 I8,F4 I8 B6 T1,F1 B4 T7 C3,F2 T4 I7 C3,F1 B4 T7 C6 I8,F2 I6 B5 T7,XX
6d6d6a86,233,F1 T7 B5 I9 C3,B1 F4 T7 I9 C6,F2 B6 C9 T7,F1 B2 C3 T7 I8,F2 B6 T9 I8,F1 B4 I8 C3,F1 B4 T7 I3,F2 I6 T4 C8,B3 T5 F9 C1,F2 B6 I9 T1 C7,XX
998d1b4f,234,F1 B4 T7 C3 I8,F2 B6 I9 C8 T1,F3 T2 C5 I8 B9,F1 T4 B8 C9 I6,C2 B4 F3 T7 I8,F1 B2 C3 T7 I9,F1 B4 T7 C3 I9,B1 F2 T7 C3 I9,F1 B4 T7 C3 I8,B2 T6 C3 F9 I8,XX
3bb0e144,235,F5 T9 C6 B3 I2,F1 B2 C3 T7 I8,F1 B4 T7 I8 C9,F3 B6 I9 T1 C8,F1 B2 C3 T7 I9,F1 B2 I7 C3,F1 B2 T7 C3 I6,B1 F2 T7 C3 I6,F3 T5 I2 C8,B1 F4 T7 I8 C3,XX
a958d775,236,F3 T2 C1 B7 I9,F3 T2 C1 I7 B8,F1 B2 T7 C3 I9,F3 T2 C1 I8 B7,F1 B4 T7 C3 I8,B3 T2 C1 F7 I8,C1 F2 B3 T7 I8,F1 B2 C3 T7 I8,F1 B2 C3 T7 I9,F1 B2 C3 T7 I8,XX
f68a79b2,237,F1 T7 B2 I8 C6,F1 T7 B2 C3 I8,F2 B6 I9 T1 C7,F2 B6 C9 T8 I1,T2 C1 I9 B7,B3 T1 F6 C9 I7,B1 F4 I8 C6,F3 B6 T9 C7,F1 B5 T7 C3,B3 C6 F9 T7,XX
eec37d8b,238,F3 B6 C9 T7,B2 T4 C1 I8,F3 B6 C9 I8,F2 T4 C1 I9 B3,F3 B6 T4 C1 I9,F1 B4 T7 I8 C9,F2 T4 C1 B3 I8,F1 B2 T7 C3 I6,F1 B4 T7 I9 C6,F1 B4 T7 C3 I8,XX
9d769750,239,F6 T4 I8 C2,F2 T1 B6 C9,F1 B4 T7 I3,F3 T2 C1 B9 I8,T5 I7 B6 F3,F2 B3 T1 I8,F1 B2 I8 C6,F2 T6 C3 I7,F2 I6 T1 B8,F1 B4 T7 C3,XX
b4f63b11,240,F1 B4 T7 I8,F3 T2 C1 B9 I7,F1 B2 T7 C3 I8,B2 T6 C3 I8 F7,F3 C6 T1 B9 I7,F3 B6 T4 C1 I9,F2 T4 C1 B3 I6,F1 B2 T7 C6 I3,F1 B4 T7 C3 I8,T6 B2 C3 I7 F1,XX
a53e299e,241,F3 T5 I2 B7,F3 T2 I9 C4 B7,F1 B2 I8 C7,F2 I6 T1 C8,F3 B6 T1 I8 C9,F1 I8 T5 C3,F2 T1 C6 I8,F2 I6 B8 T1,F1 B4 T7 I3,F1 B4 T7 I8,XX
a4825987,242,T6 F2 C3 B1 I8,F1 B4 T7 I6,F1 B2 C3 T7 I9,B1 F2 I7 C3 T9,F1 B4 T7 I6,F1 B2 I8 C3,F1 I3 C5 T8,F1 T4 I8 C5,F1 B4 T7 C3 I9,F1 B4 T7 I3,XX
b4748c1c,243,F2 B5 I8 C4,F2 B5 I9 C8,F1 B2 T7 C3 I9,F3 T1 I8 C5,F3 B6 T4 C1 I8,F1 B2 C3 T8 I7,F2 B4 C3 T7 I9,F3 T5 I2 B7,F3 T2 C1 B9,B1 T7 C2 I8,XX
f88d9e6d,244,F1 B2 C3 T7,F1 B2 C3 I7,F1 T4 B5 C6,F1 B2 C3 T7 I8,F2 T6 C5 I8,F2 T6 I8 C5,C1 F4 T7 B8,F2 B6 C9 I1 T8,F3 I6 B5 C8,F2 T6 C3 I7,XX
d8e0664a,245,F1 B4 T7 C3 I9,F2 B4 T7 I9 C6,F2 B6 I9 C8 T4,F1 B2 T7 C6 I8,F1 B2 C3 T7 I8,T6 I8 B2 C3 F4,T2 B5 I7 C8,F1 B2 T7 C3 I9,B1 F4 T7 C3 I9,B1 F2 T7 C3 I9,XX
772dab43,246,F1 B2 T7 C9 I3,T6 F2 C3 B1 I7,F2 B6 I4 T8,F3 B6 T1 I8,B6 T4 F8 I2,F1 B4 T7 C6,C1 T7 I2 B8,F2 B6 I8 C9,F1 B4 T7 I8,F3 B6 T5 C8 I1,XX
6c878ba8,247,F1 B4 T7 I6,F2 B3 T1 I8,F1 B4 T7 C3,F3 B6 T4 C1 I8,F2 B6 C9 T1 I4,F2 T4 C1 B3 I9,F2 B6 T1 C8 I7,F2 T6 C3 I7,F1 B4 T7 I9 C3,F3 T1 B6 C9 I7,XX
564a5d89,248,F3 B6 T1 I7 C8,F2 T4 C1 I8 B6,F1 T7 B2 I8 C6,F2 T4 B3 C7 I8,F2 B4 C3 T7 I8,F2 B4 C3 T7 I8,B3 F6 I9 T7 C4,F1 B4 T7 I9 C3,B2 F6 T4 C1 I8,C2 B6 T1 F9 I8,XX
3dd5dbb6,249,F3 B9 T2 C1 I4,F2 B6 T4 C1 I8,B1 F2 C3 T7 I8,F2 B6 T4 C1 I9,F1 B2 C3 T7 I6,F1 B4 T7 I9 C3,F1 B4 T7 C3 I9,B2 T6 C3 I7,F1 B5 T3 I8,F2 B4 T7 C3 I6,XX
3c1f2ebf,250,F1 B4 T7 I8 C9,F1 T7 B2 I9 C3,F3 B6 T4 C7 I8,F1 B2 T7 C3 I6,F2 B6 T4 C1 I8,F2 I6 B8 T1,B1 F4 T7 I9 C3,F4 B3 T1 I9 C8,F1 B2 T7 I6 C9,F3 T5 I9 C7,XX
e91721f4,251,F1 B4 T7 C3 I9,F1 B4 T7 I9 C6,F1 B4 C6 T7 I8,F1 B2 T7 C3 I9,F6 T4 C8 I2,F3 B6 T4 C1 I8,B1 F4 I6 C7,F3 T5 C9 I2,F3 T2 B9 I7 C4,F2 B6 C9 I7,XX
f6339465,252,F3 B6 T9 C7,F6 T5 I7 C8,B1 F4 T7 I8,F1 T4 I5 C3,F1 T4 B9 C6,F1 B4 T7 I6,F1 B2 T5 I8,F1 B4 I6 T7,F2 B6 I8 T1,F1 B4 T7 C3,XX
5a3bf5e2,253,F5 T1 C6 B3,F1 B2 I8 C3,F3 B6 C9 T1,F3 T1 B6 C5,F1 B2 T7 C3 I8,F6 B9 T7 C2,F1 B4 T7 C3,C1 T7 F2 I8 B9,F3 T5 C9 I2,F1 B4 T7 C9 I3,XX
43625ffb,254,F4 B3 T2 C1 I9,F2 T4 I8 C1 B6,F1 B2 I8 C3,F2 I6 C5 T7,F1 B5 T7 C9,F3 I8 C5 T1,F1 T4 I8 C9,F1 B4 T7 C6,F1 B4 I5 C9,F1 B4 T7 C3 I8,XX
54a19b00,255,F2 B5 C1 T7 I9,F1 B2 T7 C8 I3,B1 F2 T7 C3 I8,F2 B6 I9 T1 C8,F1 T4 B9 I6,F1 B2 T7 I9 C6,F2 B7 C9 I6,F2 T1 B6 I8,F2 B3 C9 I8,F1 B4 I6 C7,XX
95481f01,256,B1 F4 T7 I8 C9,F1 B2 T7 C3 I9,F1 B4 T7 C3 I9,F1 B4 T7 I8,F1 B2 T7 C3 I9,B2 F6 T4 C7 I8,F2 B6 I9 T1 C7,B1 F4 I6 C3,F3 B6 I9 C8 T1,F2 B4 C3 T7 I8,XX
5354e0ce,257,F2 B6 I8 T4,F1 T7 I2 B8,F1 B4 T7 C3,F1 B2 I8 C6,F1 B2 C3 T7 I8,F1 B4 T7 C8 I3,F5 T7 B6 I1,F1 B4 T7 I3,F1 B4 T7 I3,F1 B4 T7 I8,XX
eb307af7,258,F2 B6 C9 I7,F1 B4 T7 I3,F2 T6 C3 B4 I7,B1 F4 T7 C3 I9,B2 T6 C3 I8,F6 T5 I2 C4,B5 T9 C6 F7 I1,T6 B2 C3 F1 I8,F1 B4 T7 C3 I9,C1 B4 T7 F3 I9,XX
470802cc,259,F2 T4 I8 C1 B6,F1 B2 T7 C3,F3 T2 I9 C1 B4,F1 B2 T7 C3 I8,C1 B4 T7 F3 I9,F1 B2 T7 C3 I8,F1 B4 T7 I9 C6,F2 B5 I9 C8,F1 B2 T7 C3 I8,F2 B6 C9 I1 T8,XX
4c5a995d,260,F1 B4 T7 I8,F2 I8 C9 T1,F1 B4 I8 C3,F2 I8 B7 T4,B2 F6 I8 C3 T4,F2 B6 C9 T8 I1,I8 B6 F5 T2,B2 F4 T7 C3,B2 I6 C5 F8,F1 B4 T7 C8,XX
57b3887a,261,F6 T2 I8 C4,F1 B2 T7 C3 I6,F1 B2 T7 I9 C3,F1 T7 C2 I8,F1 B4 T7 I8,XX,XX,XX,XX,XX,XX
e12c7bb3,262,B2 T6 C3 I8,F2 B3 T1 I9,B2 T6 C3 I8,F1 T7 C2 I8,B2 I6 C8 T4,F3 I9 C8 T2 B1,F2 B6 T9 I8,F1 T4 I8 C5,F2 B6 C9 T8 I1,F2 T6 I8 C5 B4,XX
0e9a2558,263,F1 B2 C3 T7 I8,F4 B5 I9 C3,F2 B5 I9 C6,F3 T1 I8 C5,F5 I7 T8 B3,F1 B4 T7 C8 I3,F5 I2 C1 T7,F1 B4 T7 I3,F2 I8 C3 T6,F3 B6 I8 C1,XX
aaad5f79,264,F1 B2 T7 C3 I9,F1 T4 I9 B3,XX,XX,XX,XX,XX,XX,XX,XX,XX
da2798e6,265,F2 B4 I6 T7,B1 F2 I7 C8,F1 T4 B5 I9,B4 T7 F8 I2,F1 B2 C7 T8 I9,F4 B3 T1 C5 I6,B3 F6 I9 C8 T4,F3 T2 B9 C5,F1 B2 I7 C3 T9,F5 B1 I7 C6 T3,XX
4d5f1e2f,266,B1 F2 T7 C3 I8,B3 T5 I7 C4,B1 C4 T7 F3 I9,F2 T6 C3 B9 I4,F2 B6 T1 C9 I7,F2 B6 C9 T8 I7,F1 B2 T7 C3 I9,F1 B4 T7 I9 C6,F2 T6 C3 I8,F2 B4 C3 T7 I8,XX
e7e28ea4,267,B4 F3 T1 I5 C9,F1 B2 T7 C3 I6,F1 B2 T7 C3 I6,B3 F6 T1 I8 C7,F1 B2 C3 T7 I8,F1 B2 T7 C3 I6,F1 B2 T7 C3 I9,F2 B6 I9 C8 T4,F2 B6 I9 T1 C8,F1 B4 I6 C7,XX
c04e8d55,268,F1 T4 I8 C6,F2 B6 T9 I8,F2 T1 B6 I9,T2 C1 I7 B8,F2 B6 C9 T7,F1 T4 I8 C6,F2 T4 B6 I8,F1 B2 T7 C5,F1 B4 C6 I8,F2 B6 T5 C4,XX
89697e12,269,C1 F2 I8 B3,F1 T7 B2 C3 I8,F5 B8 I3 C7,F1 B2 T7 C8,F2 B6 I8 C4,F1 B4 T7 I6,F3 I9 T2 B8 C4,C1 F2 T7 I9 B6,F5 T7 B6 I2,F1 B4 T7 C3 I9,XX
e2f2de6b,270,F1 B4 T7 I9 C6,F1 B4 T7 C8,F1 B2 T7 C3,F1 B2 C3 T8 I7,F2 T6 I7 C3,F3 T2 I8 C7,F1 B2 C3 I9,F2 T6 C3 B9 I4,F2 I6 T4 B8,F2 T6 C3 I7,XX
f0328ab0,271,F3 T2 I9 B7 C1,B1 T4 F9 I5,F3 B6 C9 T8 I1,B3 T5 F9 I2,F1 B4 T7 C3 I8,F1 B4 T7 C3 I8,F1 B4 T7 C3 I9,F1 B2 C5 I8,F1 B2 T7 C3 I6,F1 B2 T7 C3 I9,XX
7433fef1,272,F1 B4 T7 C3 I9,F1 B4 T7 C3 I9,F1 T4 B9 I5,B2 F6 I9 T1 C7,F1 B4 T7 C9 I3,F1 B4 T7 C6 I9,F1 B4 T7 I6,F1 B2 C3 I7,F2 T1 B6 I8,B1 F4 T7 C8,XX
b08663fe,273,F1 B4 T7 C3 I9,F1 B2 I7 C8,F2 I6 C5 B8,F2 B6 T4 C9,F1 B4 T7 C3,F1 T4 I8 C6,F3 I6 T4 C1,F1 B2 C3 T7 I9,B1 F4 I8 T7 C9,F1 B2 T7 C3 I8,XX
92aff867,274,F2 B4 I6 C3,F1 B4 T7 I6,F2 T6 C3 I8,F1 B4 T7 C3,F1 B2 T7 C9 I3,F1 B4 I6 C7,F1 B4 C3 T7 I8,F1 B2 T7 C3,B2 T6 C3 F8,F1 B2 I8 C3,XX
5eee257c,275,F1 B4 I6 C8,F1 B2 I7 C3,F2 B6 I9 C8 T4,F2 B5 I9 C8,F3 B6 C9 I8,F1 B4 T7 I3,F3 T2 C1 B8 I9,F1 B4 C3 T7 I8,F3 B6 T4 I9 C7,F1 B2 T7 C3 I6,XX
4217504d,276,F3 T2 C1 I8,F1 B2 T7 C3 I6,F1 B2 I8 C6,F1 B4 T7 C3 I9,F1 B2 T7 C3 I9,F3 T2 B4 C7 I8,F1 B4 T7 I6,B1 F4 T7 C9 I3,F1 B4 T7 I8,F2 B6 T4 C1 I8,XX
6c0c36aa,277,F1 B4 T7 C8 I3,F2 B6 T4 C9 I8,F1 B4 T7 I6,B4 T8 C5 F9 I3,F2 T6 C3 I8 B4,F2 T4 C1 I8 B6,B1 F4 T7 C3 I9,B1 F4 T7 C6 I3,F1 B4 T7 C8,F2 B6 C9 T1,XX
5b386823,278,F2 B4 T7 I8 C9,F1 B2 T7 C3 I8,F2 B6 I9 C8 T1,F1 T4 I9 B6,F4 T1 B3 I5 C9,F4 T7 B9 I6,F3 B9 T7 I2,F1 B2 C3 T7 I8,F1 B2 T7 C3 I8,F1 B2 C3 T7 I9,XX
51982b08,279,F3 T2 B9 C1 I4,F1 B2 C7 T3 I9,F1 B2 T7 C3 I9,F1 B2 T7 C3 I6,F1 B4 T7 C6 I3,F3 T2 C1 B9 I8,F1 B2 T7 C3 I9,F3 T2 B9 C5 I4,F2 B6 T4 C1 I9,F3 B6 I4 C9,XX
3c11dd69,280,F1 B4 T7 I8,F1 B2 C3 I6,F2 I6 T4 C1,F1 B2 C3 T7 I9,F1 B2 C3 T7 I8,F1 B2 C3 T7 I9,F1 B2 T7 C3 I8,F1 T4 B5 I9,B6 T2 C1 F9 I8,T6 F2 I8 C5 B4,XX
dff5a216,281,F2 B4 T7 I6,F1 B4 T7 I8,F1 C5 T7 I2,F1 B4 T7 I6,F1 B4 T7 C6 I3,F1 B4 T7 I8,XX,XX,XX,XX,XX
7303e99f,282,F1 B2 T7 C3 I9,B1 C5 I9 F6,F1 B2 I7 C8,F1 B4 T7 C9 I3,T2 F9 B6 I4,F1 T4 C7 I6,T7 I8 F6 B5,F5 T1 I7 C8,F1 B2 T7 C3 I6,F3 I9 B8 T4 C5,XX
369e2754,283,F6 T2 I8 C1,F1 B2 T7 I3 C8,C1 F2 I6 B7,F1 B2 T7 I3 C9,F1 B2 T7 C3 I8,F3 T1 C7 I5 ,F3 T1 B2 I9,B1 F4 T7 C3 I9,F1 T4 C9 I5,F1 B2 I8 C6,XX
ebf8c245,284,B3 F6 T4 C1 I8,F1 B2 C3 T7 I9,F1 B2 C3 T7 I9,F3 T2 I9 C1,B5 T4 F7 I9 C2,F1 B2 T7 C3 I6,F2 B6 I9 T4 C7,B1 F4 T7 C6 I9,F1 B2 C3 T7 I8,B2 T6 I8 C5 F4,XX
5a561242,285,B3 F6 T1 C7 I8,F6 T5 I2 C4,B1 F2 C3 T7 I9,F1 B4 T7 C3 I9,F1 B4 T7 C3,F2 T6 C3 I8 B7,F1 B4 T7 I9 C3,F1 B2 T7 C3 I9,F1 B2 T7 C3 I9,F3 T2 B5 C7 I9,XX
c81bf8db,286,F1 B4 T7 I3 C8,F1 B2 T7 C3 I8,F1 B2 T7 C3 I8,C3 B6 F9 I7 T1,B3 T2 I9 C1 F7,F3 B6 C9 I1 T8,C1 F2 B3 T7 I8,F3 I9 T2 B8 C4,B1 C2 I7 F6,F2 B4 T7 C6 I3,XX
a2e46660,287,B1 F2 T7 C3,F2 B8 I7 C3 T4,F3 T1 B6 I8,B3 I8 T4 F2,F2 B4 I6 T1,F1 B2 T7 I6,C1 F2 I7 B6,F2 B6 I9 T1,F1 B2 T7 C3,B1 F4 T7 I8,XX
7078dae1,288,T2 C4 I7 B6,F1 B4 T7 C3 I9,C1 F2 B3 T7 I8,F1 B4 T7 C3 I9,F3 T2 I8 C1,T1 I8 C9 B3,F2 T6 C3 I9,F1 B2 I8 C6,F1 B7 C5 I2,F1 B2 I8 C3,XX
0ec5b32e,289,F1 I8 C3 T4,F5 T4 C1 B3 I9,B1 F2 C3 T7 I8,B1 C2 I8 F3,F2 B6 C9 I8,F2 T4 C1 B3 I9,F3 T5 I9 C4,F1 B2 I8 C9,T6 B2 C3 I8 F4,F2 B6 T5 I4,XX
9197d1d7,290,F1 T4 B6 C9,F1 T4 I8 C5,F1 T4 B6 C9,F5 T7 B8 I2,F1 B2 T7 C3 I9,F1 B2 T7 C3 I8,F2 T6 C3 I7,F2 I6 C8 T4,B1 F2 T7 C3 I6,F1 C4 I8 T6,XX
1e11f42c,291,F3 T2 B9 C4,F3 T2 I8 C7,F4 B5 C6 T2,F5 T1 I7 C8,F2 B4 T7 C8,F5 B6 T1 I7,F2 T4 B3 C7 I9,F1 B5 T4 C6,C1 B4 T7 I8,F1 B2 T5 I8,XX
f1f2c33d,292,B1 F5 T7 C3,F1 C5 T7 I6,F5 B8 T1 I7,T2 B5 C3 F8,F2 B6 T1 I7 C8,F3 T2 B5 C8 I7,F2 B6 T1 C9 I8,F3 T2 B8 C9 I4,F1 B2 C3 T9 I7,F5 B6 I3 T4,XX
d68d70da,293,F1 B2 C3 T7 I9,T3 C2 B4 F7 I9,F2 B6 T1 C9 I7,F2 T4 B3 C7 I8,F1 B2 C3 T7 I9,F1 B2 C3 T7 I9,F1 B2 C3 T7 I8,F1 B2 C3 T7 I9,B1 F4 T7 I8 C6,F6 T5 I2 C7,XX
6ed87093,294,F1 B4 T7 C3 I9,F1 B2 C3 T7 I9,F1 B2 C3 T7 I8,F2 B4 C3 T7 I8,F2 B6 I8 C3,F1 B2 C3 T7 I9,F1 B4 T7 C8,F1 B4 C8 I6,F1 B4 I8 C5,T5 B1 C2 I7 F6,XX
319c9cb8,295,T3 B6 F9 I6,T3 B6 F9 I8,F1 B4 T7 I8 C3,F1 B4 T7 I8,F2 T4 I8 C1,F1 B4 I8 C6,F1 B5 C4 T7 I9,F1 B2 C3 I8,F2 B6 T1 C9 I7,B3 T2 C1 F9 I7,XX
4b16d759,296,C6 T4 B8 I2,F2 B3 T5 I4,F1 B4 T7 I3,B1 F4 T7 I8 C9,F1 C4 I8 B6,F3 T2 B4 I8,F2 T6 C3 I7,F1 C5 T7 I2,F2 B5 T4 I9,F1 B2 C3 T8,XX
2192f746,297,B4 F5 I6 C2,F2 B8 I6 C3,F1 B2 C3 I6,F4 I6 T7 B8,F3 T5 B9 I4,F3 T5 I2 B7,F1 B2 C8 I3,F1 T4 C8 I5,F1 B4 T7 I6,B3 F6 T1 C9 I8,XX
5084910f,298,B2 T4 F7 I9 C3,F1 B4 C3 T7 I9,F1 B2 C3 T7 I9,F1 B2 C3 T7 I8,F2 B6 T1 C9 I7,F1 B2 C3 T7 I8,F2 B6 T1 C9 I7,F6 T2 B5 I8,F2 C3 T5 I4,F1 B2 I7 C3,XX
c694ec04,299,F1 B4 T7 C3,F1 B2 I7 C3,B3 T2 F5 C9 I7,F1 C5 T7 I2,F2 T1 B6 I8,B6 T2 I8 F4,F1 C5 B9 I6,F2 C5 I9 B8,F3 T5 I2 C4,F2 T5 B9 I7,XX
81413335,300,F2 B4 C3 T7 I8,F2 T5 B9 I7,F2 T4 B3 C9 I7,B1 F2 C3 T7 I8,F1 B4 T7 I8,F1 B5 T7 I9,F1 B4 T7 I8 C9,F1 B2 I8 C3,C1 B4 T7 I3,F1 B2 T5 I6,XX
0404b272,301,F2 C3 I9 T4,F3 T2 I9 C1 B4,F1 B4 T7 I8 C3,F3 T2 I8 C1,F1 B4 T7 I8,F1 B2 C3 I8,F3 T1 C6 I8,F3 T5 I2 C8,F1 B2 C5 I8,F2 C6 B3 I8,XX
2744af4b,302,F6 T4 B7 C8 I3,F1 B4 T7 I8 C3,F1 B4 T7 I8 C9,F3 B6 T4 C1 I8,F1 B2 C3 T7 I9,F1 B4 C3 T7 I9,F3 T2 C1 B7 I9,F3 T2 B5 C8 I9,F3 T1 B6 C9 I7,F3 T2 C1 B9 I7,XX
9e322e10,303,F1 B4 T7 I8 C3,B2 I6 T5 C4,F3 T2 B6 I7 C4,F1 B2 C3 T7 I8,F2 T6 C3 I8,F3 T1 B6 C8 I7,F3 T2 C5 B7 I8,F1 B4 C3 T7 I8,F1 B4 T7 I8 C6,F1 B2 C3 T7 I8,XX
6895b2d1,304,F2 B3 T5 I8,B2 T4 C1 F6,B6 F9 T1 I7,F3 T2 C1 I4,F1 T4 B3 I8,C2 B6 F9 I7 T4,F2 B8 T7 I6,F3 T2 C1 B7 I9,F1 B4 T7 I6,C1 F2 I8 B3,XX
0cc5ce5e,305,F2 B6 I9 T4 C8,B1 F2 I7 C3,F1 B2 C3 T7 I9,F3 T5 B8 I1,F2 B6 T4 I8 C1,F1 B2 T5 I8,F2 B5 I9 T4 C7,F1 B5 C2 T7 I8,F2 B5 I9 T7,F1 B4 I8 C5,XX
143f0747,306,F2 T6 C3 I8 B7,C3 F9 T2 B5 I4,F2 T8 I4 C6,T1 B4 I7 C3,F1 B2 C3 I8,F1 B4 T7 C9,F4 B6 T1 I8,F3 T2 I9 C1 B8,F3 T2 B9 C5 I4,F1 T4 B6 I8,XX
711e6edc,307,B2 F6 T1 C9 I7,F2 B6 T1 C9 I7,F1 B2 C3 T8 I7,F1 B2 C3 T7 I8,F2 T4 C1 I8,F1 B2 C3 T9 I7,B3 F6 T4 C1 I8,F1 B4 C3 T7 I9,F1 B4 T7 I8 C9,B6 T4 C2 F9 I8,XX
8fdbf22d,308,F1 B2 C3 T7 I9,F1 B2 C3 T7 I8,F3 T1 B6 C9 I7,F1 B4 T7 C9 I3,F1 B4 C3 T7 I8,F3 B6 T4 C1 I9,F2 B4 C3 T7 I8,C1 T7 F2 B3,F1 B4 I8 C6,F1 B4 T7 C8,XX
509a370a,309,F2 B6 T1 C9 I7,B3 F9 T2 C1 I4,F3 B6 T4 C1 I8,F1 B2 C3 T7 I9,F1 B4 T4 I9 C6,F1 B4 C3 T7 I8,F4 T8 C5 B9 I3,F1 B2 C3 T7 I8,F1 B4 T7 I9 C3,F1 B4 T7 I3 C8,XX
97539503,310,F1 T2 B7 I6,F1 B4 T7 I8 C3,C1 F4 T7 I6,B2 T6 C3 I7,F2 B6 T1 C9 I7,F2 B6 T1 C9 I7,F1 B2 C3 T7 I9,C1 B4 T7 I8 F6,F2 B3 T1 C9 I7,F1 T7 I3 C8,XX
01827a68,311,C1 F2 B3 T7 I9,B1 F4 T7 C6 I9,F2 B6 T1 C9 I8,F1 B2 T7 C3 I6,B1 T4 F6 I8,F3 T2 B5 C8 I9,T6 B2 C3 F1 I8,F5 F1 C2 B7 I6,F2 B4 T7 C3 I6,B6 T4 C1 I3 F9,XX
501b4d49,312,T6 F2 C3 I8 B7,B2 F6 T4 C7 I8,F1 B2 C3 T7 I8,B6 T4 F8 I2,B2 I6 T4 C1,F1 B2 C3 T7 I8,F1 B2 T7 C9 I3,F3 B6 C9 T7,F1 B4 T7 I8 C3,F1 B2 C3 I8,XX
d6129876,313,F2 B6 T1 C9 I7,T6 B2 C3 F1 I4,F3 T2 I9 C1 B8,F2 T6 C3 I7,F2 B4 T7 C3 I6,F1 B4 T7 C8,F2 T6 C3 I7,F3 T2 C1 I4,F2 B6 T5 C7,F3 B6 C9 I8,XX
f718147f,314,F2 T1 B7 I9,F1 B4 C8 I5,F1 B4 C8 I6,F3 T2 B5 I8,F3 T5 I9 C2 B7,B2 F3 T1 I8,F1 B2 C3 T7 I9,F1 B2 C3 T7 I8,F3 B6 T1 C8 I9,F1 B4 T7 I6,XX
2bd1dcb4,315,B5 F6 C4 I2,F3 B6 C9 I7,F1 B4 C3 I8,F3 T2 C1 B7 I8,F1 B4 C5 I9,F3 T1 B6 I9,F2 B6 C9 T7,F2 T6 C3 I7,C1 B5 T7 F8,C2 B6 I9 T4,XX
9bf6e025,316,F1 B2 C3 T7 I9,F3 T1 B6 C9 I7,C1 B4 F3 T7 I8,F1 B2 C3 T7 I9,C2 B4 T7 F3,F2 B6 T1 C8 I7,F1 B2 C3 T7 I9,B3 T2 F5 C8 I9,F1 B2 C3 T7 I8,F1 B2 C3 T7 I8,XX
4e385ea2,317,F2 B6 T4 C9 I8,F1 B2 C3 T7 I8,C1 B4 T7 F8,F1 B2 C3 T7 I8,F3 T1 B6 C9 I7,F2 T6 C3 I7,F1 B2 C3 T7 I9,F1 B2 C3 T7 I8,F6 T2 B5 I8,F1 B4 T7 C3 I9,XX
de9401bb,318,F2 I6 T4 C8,B1 F4 T7 I3,F1 T4 I8 C9,F1 B4 I8 C9,F6 T5 I2 C4,F3 T2 C1 B7 I9,F3 T2 I9 B8 C4,F1 B2 C3 I8,F3 T2 B5 C8 I9,F1 B4 T7 C9 I3,XX
c256e1c0,319,F2 T6 C3 I7,F2 B4 T7 C3,F1 B4 T7 C9,F2 T4 C1 B3 I9,T1 B7 F9 I5,F1 B4 I7 C9,F1 B4 T7 C3,F1 B4 T7 I8 C9,F3 B9 T2 C1 I4,F5 B1 C2 F7 I9,XX
eac986c1,320,F3 T1 B6 C9 I7,B1 F2 C3 T7 I8,B1 T7 F5 I7 C2,B1 F4 T7 I6,F1 B2 C3 T7 I8,F1 T6 C3 I8 B7,F1 B4 T7 I8,B1 F4 T7 C8,B3 F6 C9 T1 I8,B2 F6 C9 I7 T4,XX
c5f9b58e,321,C1 F2 B3 T7 I8,F1 B4 T7 I9 C6,F1 B4 T7 I3,F1 B4 T7 C9 I3,C1 F2 B3 T7 I8,C1 B4 T7 F8,T6 B2 C3 F1 I8,I8 F1 T4 B6,I8 B9 T4 F6,C1 B4 T7 F3,XX
ecbc98b7,322,F2 B6 C9 I4 T8,C1 B4 T7 F3 I9,F1 B4 T7 C9,F1 B4 T7 I9 C8,B1 F2 C3 T7 I9,B1 T4 I8 C6,F2 B3 C9 T7,C1 F4 T7 I9 B3,C1 F2 I7 T8 B6,F2 T4 I8 B6,XX
bf7e958c,323,F1 B4 T7 C3 I9,C1 B8 T7 F6 I2,C1 T7 F2 I9 B6,C2 B4 T1 I9 F7,B1 F4 T7 C3 I9,B2 F6 T4 C1 I8,B2 C6 I9 T4 F7,C1 B4 T7 F3 I9,B2 I8 T1 F7,F1 T7 I5 C2,XX
5b81dd1d,324,F1 B2 T7 I8 C3,C1 F2 T7 I8 B3,B1 F4 T7 I3 C9,F3 T2 C1 B7 I9,C1 F4 T7 I3,B1 F2 T7 C3 I8,F1 B4 T7 C3 I9,C1 F2 T7 I9 B6,B3 T1 F6 C7 I9,C1 F2 T7 I9 B3,XX
bc55893a,325,F1 B2 T7 I3 C8,C2 B5 I9 T7,F2 B4 T7 C3,C2 B4 I6 F8,C1 B4 T7 I3,F1 B4 T7 I8,B1 F2 C3 T7 I8,B1 F2 T7 C3 I9,F1 B2 C3 T7 I9,F1 B4 T7 I8 C9,XX
b1b0d573,326,F1 B4 T7 I8 C3,B1 F2 T7 I8 C6,B1 F3 T4 I8,F1 T4 I8 B9,F1 B2 C3 T7 I9,C1 F4 T7 I6,C3 B6 F9 I7,B2 T6 C3 I9,F2 B3 C9 I7,F2 T1 B9 I6,XX
1ae4c418,327,B1 F4 C3 T7 I9,F1 B2 C3 T7 I9,B1 F2 T7 I9 C3,C1 F4 T7 I3,B1 F4 T7 I8 C6,B4 F3 T2 C1 I9,C3 B6 F9 I8 T7,C1 B4 F6 I3 T8,B1 F4 C3 T7 I8,F1 B2 C3 T7 I9,XX
eb3e3f39,328,C2 B4 T7 I8 F6,C1 B4 T7 I3 F8,B1 F4 T7 I8,C1 B4 F3 T7 I9,F1 B2 T7 C3 I9,C2 B4 T7 F9 I3,F1 B4 T7 C9 I3,C1 F5 T7 B6 I3,F1 B2 T7 C3 I9,C2 B6 T4 F9 I7,XX
c94785a6,329,B3 T2 I9 F1 C7,B1 F4 C5 I8,F1 B2 T7 C3 I8,F1 B2 T7 C3 I9,B1 F4 C6 I3 T8,F1 B4 T7 C3,F2 T6 C3 I7,C1 F2 I7 B8,F1 B2 I5 C9,C1 F2 B3 T7 I9,XX
55b573ef,330,F3 T2 C1 B8 I9,B1 F4 T7 C3,F2 T4 I8 C1,F3 I6 B5 T8,F1 T4 I8 C6,T6 B2 C3 I7,C1 F2 B3 T7 I9,C1 B4 T7 F8,F1 B2 I7 C6,B1 C2 F3 T9 I8,XX
4d1ff964,331,F1 B2 C3 T7 I9,B1 F4 T7 I6 C3,F1 B2 C3 T7 I9,F1 B2 C3 T7 I8,I8 T1 B5 F3,C1 B4 T7 F3 I8,F1 B4 T7 C3 I9,F1 B2 I7 C6,F1 B4 I8 C5,B1 F4 I6 C3,XX
5ba8c915,332,F1 B2 I7 C6,F1 B4 T7 I8 C9,F1 B4 T7 I9 C3,F1 B2 C3 T7 I8,C1 F2 I6 T7,F1 B2 I7 C3 T8,I8 T4 B9 F5,F1 B2 I8 C3,T6 F2 C3 B4 I7,B2 I6 F5 T8,XX
c17416d2,333,F1 B2 C3 T7 I8,F1 B2 T7 C3 I9,F1 B4 T7 I9 C6,F1 B2 C3 T7 I9,F1 B2 C3 T7 I9,F3 T2 B5 C8 I9,B3 F6 T4 C1 I8,T5 F1 C2 B7 I6,F2 T6 C3 I8 B4,F2 B6 T4 C1 I8,XX
e5f0f02b,334,F1 B2 I8 C6,F1 T7 I5 C6,F2 T1 B6 I8,F1 B4 C6 I8,XX,XX,XX,XX,XX,XX,XX
4e4d8170,335,F1 B2 T7 C6,F3 B6 C9 I7,B1 F2 C3 T7 I8,B1 F4 T7 I8 C9,B1 C2 F3 T7 I9,F1 B2 T7 C3 I8,B1 F4 T7 C3 I9,F1 B4 T7 C3 I8,F1 B2 T7 C3 I8,B1 F2 T7 C3 I9,XX
251356b1,336,F1 B2 C3 I9,C1 F4 T7 B6 I9,C1 F2 B3 T7 I8,F1 B4 T7 I8,F1 B2 T7 C3 I9,C1 B4 T7 I9 F6,F1 B2 I8 C6,F1 B2 T7 I9 C6,F1 B2 T7 C3 I6,F1 B2 T7 C3 I6,XX
029468be,337,F1 B2 C3 T7 I9,F1 B2 C3 T7 I8,B1 F4 T7 C3 I8,F1 B4 T7 I3 C6,F2 I8 T1 B9,F1 B2 C3 T7 I8,B1 F4 T7 I8 C6,B3 F6 I8 C4,F1 B4 T7 I6,F1 B4 T7 I9 C3,XX
02e78627,338,F2 I6 T4 C1,B1 F4 T7 C6 I8,B1 F4 T7 C3 I9,F1 B2 C3 T7 I9,F1 T7 I2 C6,C3 T2 B5 I9 F8,B1 F4 T7 C3 I9,T5 I7 B6 C2,F2 B6 I8 C4,F2 B6 T4 C1 I8,XX
9b5d683c,339,F1 B2 I8 C5,T5 B3 C2 F4,F1 B2 C3 T7 I9,F2 T4 I7 C3,C2 B6 F9 T1,C1 B4 T7 I8,F1 B4 I6 C8,F1 T4 B9 I6,F1 B2 C3 T7 I8,F1 B2 C3 T7 I8,XX
9053840d,340,F1 B2 T7 I8 C9,F1 B4 C3 T7 I8,F3 T2 B9 C1 I4,B3 T1 F6 C9 I7,F2 B6 T1 C9 I7,F2 B4 T7 C3 I9,B1 F4 T7 I3,F1 B2 C3 T7 I8,F1 B4 T7 I8 C3,B1 F2 C3 T7 I9,XX
54a2676a,341,F1 B2 C3 T7 I8,F1 B2 C3 T7 I8,F1 B4 T7 I8 C9,F1 B2 T7 C3 I8,F2 B4 C3 T7 I9,F2 B6 T4 C1 I8,B2 T6 C3 I8 F7,F3 T2 B9 C1 I4,B3 T2 C1 F7 I9,C4 F5 T7 I6,XX
6cb731e3,342,F2 I6 B5 T7,F2 B6 T4 C1 I8,F3 T2 C1 B8 I7,F1 B2 C3 T7 I9,F2 T6 C3 I9,F1 B4 T7 I8 C9,F1 B2 C3 T7 I9,F6 T4 B8 C1,F3 T2 B9 C1 I4,B2 T4 C1 I8 F9,XX
8e1e79c8,343,F1 T4 C3 I6,F1 B2 C3 T9 I7,F1 T4 B9 I6,F1 B4 T7 I6,F1 B2 C3 I8,F1 B2 C3 I8,C1 F2 I8 B6,F6 T4 C8 I1,F1 B2 I8 C6,I8 C3 B7 F1,XX
d45ead29,344,F6 T4 C8 I3,F3 B6 C9 I7,F2 T4 I8 C3,F3 B6 C9 I8,C1 B4 T7 I8,B1 F2 T7 C3 I8,F3 T5 I7 B9 C1,F6 T2 B9 I7 C4,F1 C3 T4 I8,F2 B6 T4 C1 I9,XX
8bc4bed6,345,F3 B6 T9 C8,F1 B4 T7 I8,F1 B5 C2 I9,F2 T4 I7 C3,B1 T4 F8 I6,B1 T4 F8 I6,F1 B2 C3 T7 I9,F1 B2 C3 T7 I9,F3 T2 C1 I7,F1 B4 T7 C3 I6,XX
a913af5f,346,F1 B2 C3 T7 I8,B3 F6 T8 C5 I1,F2 B3 C9 I8,F6 B2 C3 F1 I8,B3 F6 T1 C9 I7,F2 B6 T1 C7 I9,F1 B2 C3 T7 I8,F1 B4 T7 I9 C8,B2 T6 C3 I8 F4,F2 T4 C1 B3 I9,XX
140a4214,347,B2 T6 C3 I7,C5 F6 I3 T7,F3 T2 I9 B4,C1 B4 T7 I6,F6 T5 I2 B7,F2 I6 T4 C8,F1 B4 I8 C6,C2 T4 F8 I6,F1 T4 B8 C6,F1 B2 C6 I8,XX
d3a5ee05,348,B2 T6 C3 I7,F3 T5 I7 C2,F2 I6 C5 T4,F3 T2 C1 B9 I7,F2 T6 C3 I8 B4,F1 B2 C3 T7 I9,F1 B4 T7 I9 C6,F1 B4 T7 I9 C3,F1 B4 T7 I3,F1 B4 T7 I8 C3,XX
d6fadb02,349,F1 B4 T7 I9 C3,F2 B6 T1 C9 I8,F2 B5 I9 C6 T1,F1 B2 T7 C3 I6,F3 B6 T4 C9 I8,F1 B4 T7 I9 C8,F1 B4 T7 I8 C9,C1 B4 T7 I8 F6,F1 B2 C3 T7 I8,F6 T5 I2 C8,XX
bf027a9b,350,F1 B2 C3 T7 I8,B1 F4 T7 I8 C9,T5 B1 I9 C4 F3,F1 B4 T7 I8 C6,F1 B2 I8 T5,F3 T5 I2 B7,C2 I6 B5 T4,F2 I8 C6 B3,F1 B2 I6 C3,F2 T4 I8 C1,XX
,,,,,,,,,,,,
,Cards,F = Funguar,B = Red Bat,T = Fastitocalon,C = Caterchipillar,I = Ifrit,,,,,,
,1,2,3,,M = Gayla,G = Geezard,,,,,,
,4,5,6,Board,,,,,,,,
,7,8,9,,,,,,,,,